INSERT INTO curswork.public.role (role_name) VALUES
                                     ('admin'),
                                     ('manager'),
                                     ('employee');


INSERT INTO curswork.public.branch (department_name, description) VALUES
                                                                      ('HR Department', 'Responsible for hiring, onboarding, and employee relations.'),
                                                                      ('Finance Department', 'Handles financial transactions, budgeting, and financial reporting.'),
                                                                      ('IT Department', 'Manages the organization''s information technology infrastructure.'),
                                                                      ('Marketing Department', 'Promotes the organization''s products or services.'),
                                                                      ('Operations Department', 'Oversees day-to-day activities and ensures smooth operations.');

INSERT INTO curswork.public."position" (position_name) VALUES
                                                           ('Manager'),
                                                           ('Technician'),
                                                           ('Accountant'),
                                                           ('Software Developer'),
                                                           ('Sales Representative');

INSERT INTO curswork.public.schedule (schedule_year, schedule_month, schedule) VALUES
                                                                                   (2024, 0,
                                                                                    '{
"3": {"start": "9:00", "end": "18:00"},
"6": {"start": "9:00", "end": "18:00"},
"7": {"start": "9:00", "end": "18:00"},
"8": {"start": "9:00", "end": "18:00"},
"9": {"start": "9:00", "end": "18:00"},
"10": {"start": "9:00", "end": "18:00"},
"11": {"start": "9:00", "end": "18:00"},
"12": {"start": "9:00", "end": "18:00"},
"13": {"start": "9:00", "end": "18:00"},
"15": {"start": "9:00", "end": "18:00"},
"16": {"start": "9:00", "end": "18:00"},
"17": {"start": "9:00", "end": "18:00"},
"19": {"start": "9:00", "end": "18:00"},
"20": {"start": "9:00", "end": "18:00"},
"21": {"start": "9:00", "end": "18:00"},
"22": {"start": "9:00", "end": "18:00"},
"23": {"start": "9:00", "end": "18:00"},
"24": {"start": "9:00", "end": "18:00"},
"25": {"start": "9:00", "end": "18:00"},
"27": {"start": "9:00", "end": "18:00"},
"28": {"start": "9:00", "end": "18:00"},
"30": {"start": "9:00", "end": "18:00"}
}');

INSERT INTO curswork.public.address (country, region, city, district, street, house, office) VALUES
                                                                                                 ('Ukraine', 'Kyiv Oblast', 'Kyiv', 'Pecherskyi', 'Khreshchatyk Street', '123', '456'),
                                                                                                 ('Ukraine', 'Lviv Oblast', 'Lviv', NULL, 'Bandery Street', '789', NULL),
                                                                                                 ('Ukraine', 'Kharkiv Oblast', 'Kharkiv', 'Shevchenkivskyi', 'Constitution Square', '101', '202'),
                                                                                                 ('Ukraine', 'Odessa Oblast', 'Odesa', NULL, 'Deribasivska Street', '27', '15'),
                                                                                                 ('Ukraine', 'Dnipropetrovsk Oblast', 'Dnipro', NULL, 'Sicheslavska Naberezhna', '55', NULL);

INSERT INTO curswork.public.sto (id_address, sto_name, phone_number, schedule) VALUES
                                                                                  (1, 'AutoFix Service', 123456789,
'{
  "1": {"weekend": false, "start": "8:00", "end": "18:00"},
  "2": {"weekend": false, "start": "8:00", "end": "18:00"},
  "3": {"weekend": false, "start": "8:00", "end": "18:00"},
  "4": {"weekend": false, "start": "8:00", "end": "18:00"},
  "5": {"weekend": false, "start": "8:00", "end": "18:00"},
  "6": {"weekend": true},
  "7": {"weekend": false, "start": "9:00", "end": "16:00"}
}'),
                                                                                  (2, 'FastCar Repairs', 987654321,
'{
  "1": {"weekend": false, "start": "9:00", "end": "17:00"},
  "2": {"weekend": false, "start": "9:00", "end": "17:00"},
  "3": {"weekend": false, "start": "9:00", "end": "17:00"},
  "4": {"weekend": false, "start": "9:00", "end": "17:00"},
  "5": {"weekend": false, "start": "9:00", "end": "17:00"},
  "6": {"weekend": true},
  "7": {"weekend": false, "start": "10:00", "end": "15:00"}
}'),
                                                                                  (3, 'SuperMechanics', 112233445,
'{
  "1": {"weekend": false, "start": "8:30", "end": "17:30"},
  "2": {"weekend": false, "start": "8:30", "end": "17:30"},
  "3": {"weekend": false, "start": "8:30", "end": "17:30"},
  "4": {"weekend": false, "start": "8:30", "end": "17:30"},
  "5": {"weekend": false, "start": "8:30", "end": "17:30"},
  "6": {"weekend": true},
  "7": {"weekend": false, "start": "9:00", "end": "16:00"}
}');

INSERT INTO curswork.public.employee
    (first_name, last_name, fathers_name, phone_number, tariff, id_sto, id_branch, id_position, id_role, login, password)
VALUES
    ('Богун', 'Йомер', 'Юхимович', 123456789111, 200.00, 1, 1, 1, 1, 'admin1', '482c811da5d5b4bc6d497ffa98491e38'),
    ('Козьменко', 'Божемир', NULL, 987654321111, 800.50, 2, 1, 2, 2, 'manager1', 'bb77d0d3b3f239fa5db73bdf27b8d29a'),
    ('Столярчук', 'Ярема', 'Вікторович', 555555555111, 200.75, 3, 2, 3, 3, 'employee1', '32250170a0dca92d53ec9624f336ca24'),
    ('Височанський', 'Йосеф', 'Чеславович', 333333333111, 900.25, 1, 2, 1, 1, 'admin2', 'fb5e9e1218f700f00fe84d7922b464f0'),
    ('Довгополий', 'Милодар', NULL, 777777777111, 50.00, 2, 3, 2, 2, 'manager2', '24ca93ad6c9ae91947c8451a8888c7ac'),
    ('Лисенчук', 'Єпистима', 'Олександрівна', 666666666111, 980.50, 3, 3, 3, 3, 'employee2', '96b33694c4bb7dbd07391e0be54745fb'),
    ('Кутир', 'Сидір', 'Вікторович', 380973456789, 110.51, 3, 3, 3, 3, 'employee3', 'dc647eb65e6711e155375218212b3964'),
    ('Ковальчук', 'Марія', 'Петрівна', 380984567890, 500.00, 1, 4, 4, 3, 'employee4', 'dc647eb65e6711e155375218212b3964'),
    ('Бойко', 'Катерина', 'Іванівна', 380995678901, 120.00, 2, 5, 5, 3, 'employee5', 'dc647eb65e6711e155375218212b3964'),
    ('Морозов', 'Юрій', 'Павлович', 380936789012, 100.10, 3, 1, 1, 3, 'employee6', 'dc647eb65e6711e155375218212b3964'),
    ('Петренко', 'Анна', 'Василівна', 380947890123, 80.12, 1, 2, 2, 3, 'employee7', 'dc647eb65e6711e155375218212b3964'),
    ('Марченко', 'Артем', 'Ярославович', 380671234567, 100.12, 2, 3, 3, 3, 'employee8', 'dc647eb65e6711e155375218212b3964'),
    ('Чумак', 'Юлія', 'Захарівна', 380987778899, 85.30, 3, 4, 4, 3, 'employee9', 'dc647eb65e6711e155375218212b3964'),
    ('Павлюк', 'Віталій', 'Володимирович', 380687890123, 400.34, 1, 5, 5, 3, 'employee10', 'dc647eb65e6711e155375218212b3964'),
    ('Терещенко', 'Катерина', 'Сергіївна', 380698901234, 250.20, 2, 1, 1, 3, 'employee11', 'dc647eb65e6711e155375218212b3964'),
    ('Козлов', 'Дмитро', 'Ігорович', 380949012345, 500.25, 3, 2, 2, 3, 'employee12', 'dc647eb65e6711e155375218212b3964'),
    ('Гудзь', 'Дарина', 'Анатоліївна', 380959012346, 345.76, 1, 3, 3, 3, 'employee13', 'dc647eb65e6711e155375218212b3964'),
    ('Уваров', 'Леонід', 'Олександрович', 380969012347, 345.98, 2, 4, 4, 3, 'employee14', 'dc647eb65e6711e155375218212b3964');

INSERT INTO curswork.public.schedule_employee (id_employee, id_schedule) VALUES
                                                                          (2, 1),
                                                                          (3, 1),
                                                                          (5, 1),
                                                                          (6, 1);

INSERT INTO detail (detail_name, description, article, price) VALUES
  ('Паливний фільтр', 'Фільтр для очищення палива від забруднень', 123456789, '50.00'),
  ('Мастильний фільтр', 'Фільтр для очищення мастила від забруднень', 987654321, '40.00'),
  ('Тормозні колодки', 'Колодки для гальм автомобіля', 111223344, '70.00'),
  ('Ремінь ГРМ', 'Ремінь для газорозподільного механізму', 555666777, '25.00'),
  ('Акумулятор', 'Елемент електроживлення автомобіля', 777888999, '90.00'),
  ('Фільтр повітря', 'Фільтр для очищення повітря від пилу та бруду', 999000111, '30.00'),
  ('Амортизатор передній лівий', 'Амортизатор для передньої лівої підвіски', 222333444, '120.00'),
  ('Олива моторна 10W-40', 'Моторна олива для двигуна', 777112233, '45.00'),
  ('Свічка запалювання', 'Свічка для запалювання палива', 889977766, '5.00'),
  ('Стартер', 'Стартер для запуску двигуна', 554433322, '80.00'),
  ('Генератор', 'Генератор для вироблення електроенергії', 998877765, '100.00'),
  ('Термостат', 'Термостат для регулювання температури двигуна', 998877665, '15.00'),
  ('Помпа водяна', 'Водяна помпа для циркуляції охолоджуючої рідини', 554466633, '35.00'),
  ('Радіатор', 'Радіатор для охолодження двигуна', 223344556, '60.00'),
  ('Клапан EGR', 'Клапан для рециркуляції відпрацьованих газів', 778899001, '25.00'),
  ('Сенсор кисню', 'Сенсор кількості кисню у вихлопних газах', 110011001, '30.00'),
  ('Рульова рейка', 'Рульова рейка для управління автомобілем', 112213421, '150.00'),
  ('Насос гідропідсилювача', 'Насос для гідропідсилювача керма', 334755667, '70.00'),
  ('Тяга рульова', 'Тяга для рульової системи', 555777889, '20.00'),
  ('Компресор кондиціонера', 'Компресор для кондиціонера автомобіля', 889900011, '120.00'),
  ('Фара передня ліва', 'Фара для освітлення дороги впереді, ліва сторона', 112233445, '40.00'),
  ('Фара передня права', 'Фара для освітлення дороги впереді, права сторона', 934455667, '40.00'),
  ('Ліхтар задній лівий', 'Ліхтар для сигналізації повороту, ліва сторона', 556677889, '15.00'),
  ('Ліхтар задній правий', 'Ліхтар для сигналізації повороту, права сторона', 777899001, '15.00'),
  ('Пороги', 'Пороги для захисту кузова від пошкоджень', 117711221, '50.00'),
  ('Дзеркало заднього виду ліве', 'Дзеркало для огляду ззаду, ліва сторона', 254455667, '25.00'),
  ('Дзеркало заднього виду праве', 'Дзеркало для огляду ззаду, права сторона', 556177889, '25.00'),
  ('Щетки стеклоочисника передні', 'Щетки для очищення передніх склян', 778891001, '10.00'),
  ('Щетки стеклоочисника задні', 'Щетки для очищення задніх склян', 112214521, '8.00'),
  ('Спойлер передній', 'Спойлер для покращення аеродинаміки, передня частина', 334533443, '30.00'),
  ('Спойлер задній', 'Спойлер для покращення аеродинаміки, задня частина', 551677889, '30.00'),
  ('Захисна арка передня ліва', 'Захисна арка для переднього лівого колеса', 778819001, '20.00'),
  ('Захисна арка передня права', 'Захисна арка для переднього правого колеса', 112211256, '20.00'),
  ('Захисна арка задня ліва', 'Захисна арка для заднього лівого колеса', 337755667, '20.00'),
  ('Захисна арка задня права', 'Захисна арка для заднього правого колеса', 516677889, '20.00'),
  ('Крило переднє ліве', 'Крило для переднього лівого колеса', 771199001, '40.00'),
  ('Крило переднє праве', 'Крило для переднього правого колеса', 177211221, '40.00'),
  ('Крило заднє ліве', 'Крило для заднього лівого колеса', 364755667, '40.00'),
  ('Крило заднє праве', 'Крило для заднього правого колеса', 556777889, '40.00'),
  ('Шарова опора передня ліва', 'Шарова опора для передньої лівої підвіски', 776899005, '25.00'),
  ('Шарова опора передня права', 'Шарова опора для передньої правої підвіски', 112211221, '25.00'),
  ('Шарова опора задня ліва', 'Шарова опора для задньої лівої підвіски', 934466667, '25.00'),
  ('Шарова опора задня права', 'Шарова опора для задньої правої підвіски', 596677889, '25.00'),
  ('Підшипник передній лівий', 'Підшипник для переднього лівого колеса', 798899003, '15.00'),
  ('Підшипник передній правий', 'Підшипник для переднього правого колеса', 112451221, '15.00'),
  ('Підшипник задній лівий', 'Підшипник для заднього лівого колеса', 634455667, '15.00'),
  ('Підшипник задній правий', 'Підшипник для заднього правого колеса', 656677889, '15.00'),
  ('Рульова тяга ліва', 'Тяга для рульової системи, ліва сторона', 778899002, '18.00'),
  ('Рульова тяга права', 'Тяга для рульової системи, права сторона', 112671221, '18.00'),
  ('Радіатор кондиціонера', 'Радіатор для кондиціонера', 333465667, '55.00'),
  ('Каталізатор', 'Каталізатор для зменшення токсичності вихлопних газів', 586677889, '80.00'),
  ('Вентилятор радіатора', 'Вентилятор для охолодження радіатора', 788899001, '35.00'),
  ('Щиток приладів', 'Щиток для відображення інформації про стан автомобіля', 112811221, '120.00'),
  ('Сигналізація', 'Пристрій для захисту автомобіля від крадіжки', 334455667, '90.00'),
  ('Дзеркало внутрішнє', 'Дзеркало для огляду зсередини автомобіля', 556133889, '15.00'),
  ('Лобове скло', 'Скло для переднього відображення дороги', 783899001, '100.00'),
  ('Бачок омивача скла', 'Бачок для зберігання рідини для омивання скла', 162211221, '10.00'),
  ('Помпа омивача скла', 'Помпа для подачі рідини для омивання скла', 334655667, '8.00'),
  ('Лампа передня ліва', 'Лампа для освітлення передньої лівої сторони', 516237889, '5.00'),
  ('Лампа передня права', 'Лампа для освітлення передньої правої сторони', 772899001, '5.00'),
  ('Лампа задня ліва', 'Лампа для освітлення задньої лівої сторони', 111211221, '5.00'),
  ('Лампа задня права', 'Лампа для освітлення задньої правої сторони', 314455667, '5.00'),
  ('Ручка дверей передня ліва', 'Ручка для відкривання передніх лівих дверей', 516673889, '12.00'),
  ('Ручка дверей передня права', 'Ручка для відкривання передніх правих дверей', 771899001, '12.00'),
  ('Ручка дверей задня ліва', 'Ручка для відкривання задніх лівих дверей', 112211222, '12.00');

INSERT INTO car (make, model, car_year, license_plate, description) VALUES
('Toyota', 'Camry', '2020', 'ABC123', 'Silver color, well-maintained'),
('Honda', 'Accord', '2018', 'XYZ789', 'Black color, low mileage'),
('Ford', 'Mustang', '2022', 'DEF456', 'Red color, sporty design'),
('Chevrolet', 'Cruze', '2019', 'GHI789', 'Blue color, fuel-efficient'),
('Nissan', 'Altima', '2021', 'JKL012', 'White color, comfortable interior'),
('Hyundai', 'Elantra', '2017', 'MNO345', 'Gray color, reliable'),
('Mazda', 'CX-5', '2020', 'PQR678', 'SUV, spacious interior'),
('Subaru', 'Outback', '2018', 'STU901', 'All-wheel drive, off-road capabilities'),
('Volkswagen', 'Jetta', '2019', 'VWX234', 'Fuel-efficient sedan'),
('Tesla', 'Model S', '2021', 'YZA567', 'Electric vehicle, cutting-edge technology'),
('Kia', 'Sorento', '2022', 'BCD890', 'Family-friendly SUV'),
('Audi', 'A4', '2017', 'EFG123', 'Luxurious sedan, leather interior'),
('BMW', 'X5', '2020', 'HIJ456', 'Premium SUV, powerful engine'),
('Mercedes-Benz', 'C-Class', '2019', 'KLM789', 'Elegant design, advanced features'),
('Lexus', 'RX', '2021', 'NOP012', 'Luxury SUV, comfortable ride'),
('Jeep', 'Wrangler', '2018', 'QRS345', 'Off-road capabilities, convertible top'),
('Chrysler', '300', '2017', 'TUV678', 'Classic sedan, spacious cabin'),
('Buick', 'Enclave', '2022', 'WXY901', 'Midsize SUV, premium features'),
('GMC', 'Sierra', '2019', 'ZAB234', 'Pickup truck, towing capacity'),
('Ram', '1500', '2021', 'CDE567', 'Powerful pickup, off-road capabilities');

INSERT INTO client (first_name, last_name, fathers_name, phone_number, discount) VALUES
('Іван', 'Петренко', 'Олександрович', 123453467890, 10),
('Марія', 'Іваненко', 'Анатоліївна', 987653443210, 5),
('Олексій', 'Онопрієнко', 'Віталійович', 456734890123, NULL),
('Ольга', 'Гриценко', 'Ігорівна', 789012343456, 15),
('Михайло', 'Сидоренко', 'Олександрович', 234534678901, 8),
('Євгенія', 'Ковальчук', 'Ігорівна', 234343334234, 12),
('Дмитро', 'Мельник', 'Вікторович', 783034123456, 20),
('Софія', 'Павленко', 'Андріївна', 123434537890, NULL),
('Ігор', 'Сергієнко', 'Олегович', 567834901234, 7),
('Анастасія', 'Гончаренко', 'Артемівна', 343456789012, 18),
('Павло', 'Петров', 'Валентинович', 890123434567, 14),
('Єлизавета', 'Ткаченко', 'Вікторівна', 233345678901, 9),
('Артем', 'Шевченко', 'Миколайович', 456733490123, NULL),
('Оксана', 'Іванова', 'Петрівна', 678901233445, 16),
('Андрій', 'Біленький', 'Ярославович', 901233445678, 11),
('Катерина', 'Коваленко', 'Володимирівна', 233442342323, 13),
('Володимир', 'Соколов', 'Григорійович', 343634789012, 6),
('Ірина', 'Марченко', 'Олексіївна', 567890334234, 17),
('Олександр', 'Лисенко', 'Михайлович', 890334234567, 8),
('Тетяна', 'Семенченко', 'Віталіївна', 123434367890, 15);


INSERT INTO service (service_name, description, price) VALUES
('Заміна масла', 'Регулярний сервіс заміни масла', 39.99),
('Перевірка гальм', 'Огляд та оцінка гальмівної системи', 49.99),
('Переворот шин', 'Перевертання шин для рівномірного зносу', 19.99),
('Вирівнювання коліс', 'Регулювання вирівнювання коліс', 69.99),
('Заміна акумулятора', 'Заміна старого чи несправного акумулятора', 89.99),
('Заміна повітряного фільтра', 'Заміна повітряного фільтра двигуна', 14.99),
('Промивання системи охолодження', 'Промивання та заміна охолоджуючої рідини', 59.99),
('Сервіс трансмісії', 'Обслуговування рідини трансмісії', 79.99),
('Заміна свічок запалювання', 'Заміна свічок запалювання', 29.99),
('Заміна гальмових колодок', 'Заміна зношених гальмових колодок', 89.99),
('Промивання рідини гідропідсилювача', 'Промивання рідини гідропідсилювача керма', 54.99),
('Очищення форсунок пального', 'Очищення та оптимізація форсунок пального', 39.99),
('Діагностика двигуна', 'Діагностика проблем двигуна', 49.99),
('Балансування коліс', 'Балансування коліс для гладкого руху', 24.99),
('Заміна салонного фільтра', 'Заміна салонного фільтра', 19.99),
('Огляд вихлопної системи', 'Огляд компонентів вихлопної системи', 29.99),
('Заміна лампочок фар', 'Заміна лампочок фар', 9.99),
('Заміна скоб вітрового скла', 'Заміна скоб для склоочисників', 12.99),
('Промивання радіатора', 'Промивання та підкидання антифризу в радіатор', 44.99),
('Перевірка системи кондиціонування', 'Перевірка та обслуговування системи кондиціонування', 34.99);


